{
  "id": "",
  "name": "",
  "font_family": "iconfont",
  "css_prefix_text": "icon-",
  "description": "",
  "glyphs": [
    {
      "icon_id": "3876814",
      "name": "01 分子",
      "font_class": "fenzi",
      "unicode": "e603",
      "unicode_decimal": 58883
    },
    {
      "icon_id": "3876821",
      "name": "03 神经网络",
      "font_class": "shenjingwangluo",
      "unicode": "e605",
      "unicode_decimal": 58885
    },
    {
      "icon_id": "3876822",
      "name": "05 遗传算法",
      "font_class": "shengchang",
      "unicode": "e606",
      "unicode_decimal": 58886
    },
    {
      "icon_id": "3876823",
      "name": "07 深度学习",
      "font_class": "shenduxuexi",
      "unicode": "e607",
      "unicode_decimal": 58887
    },
    {
      "icon_id": "3876827",
      "name": "11 人工智能",
      "font_class": "rengongzhineng",
      "unicode": "e608",
      "unicode_decimal": 58888
    },
    {
      "icon_id": "3876828",
      "name": "08 运算中心",
      "font_class": "yunsuanzhongxin",
      "unicode": "e609",
      "unicode_decimal": 58889
    },
    {
      "icon_id": "3876829",
      "name": "13 AI 实验室",
      "font_class": "AIshiyanshi",
      "unicode": "e60a",
      "unicode_decimal": 58890
    },
    {
      "icon_id": "3920039",
      "name": "DNA",
      "font_class": "DNA",
      "unicode": "e60b",
      "unicode_decimal": 58891
    }
  ]
}
